arm,count,mean,std,min,max
baseline,5,0.554320582893293,0.0886066334569488,0.4626675962563629,0.6975175105348419
single_mut,5,0.5710689886496876,0.10406149468338302,0.44233978677876107,0.7029069423759644
mut1_0p01,5,0.5358029533857993,0.23157951132388419,0.28353592432989133,0.8298667357826304
mut1_top50,5,0.5687657407769482,0.09666234017488358,0.4479302359241569,0.6949965894310763
