comparison,n_folds,mean_delta,median_delta,sd_delta,folds_improved,folds_worse,wilcoxon_p_two_sided,paired_t_p_two_sided
single_mut - baseline,5,0.016748405756394514,0.006892889719911088,0.0370628264737453,4,1,0.4375,0.36943287563177324
mut1_0p01 - baseline,5,-0.018517629507493794,-0.0003987710336903483,0.15430099255041588,2,3,0.625,0.8017009000764891
mut1_top50 - baseline,5,0.014445157883655125,0.0015617009401860393,0.03046368027270078,3,2,0.625,0.3487903207656797
mut1_0p01 - single_mut,5,-0.03526603526388831,-0.013164700835538001,0.13311470652287358,2,3,0.625,0.5854479389783925
mut1_top50 - single_mut,5,-0.002303247872739389,-0.005331188779725049,0.011698100274152815,2,3,0.8125,0.6824929292726672
mut1_top50 - mut1_0p01,5,0.03296278739114892,0.026134960981171407,0.13795286730711653,3,2,0.625,0.6214541485479996
