comparison,n_folds,mean_delta,median_delta,sd_delta,folds_improved,folds_worse,wilcoxon_p_two_sided,paired_t_p_two_sided
single_mut - baseline,5,0.0023743172143336324,-0.005571395675324942,0.022986859041764743,2,3,0.8125,0.828675591160164
mut1_0p01 - baseline,5,-0.007513464252724899,-0.004894517939923904,0.014492711663634398,2,3,0.4375,0.31084340744462835
mut1_top50 - baseline,5,-0.004814063525993673,-0.006656145030587646,0.007893631784543543,1,4,0.3125,0.24436239030370152
mut1_0p01 - single_mut,5,-0.009887781467058532,-0.005833020466363026,0.01732707859537964,2,3,0.4375,0.27100548971388827
mut1_top50 - single_mut,5,-0.007188380740327305,0.004097902397177,0.02298071772488553,3,2,1.0,0.5228130232297203
mut1_top50 - mut1_0p01,5,0.002699400726731227,0.0003194498420271419,0.011545157601389298,3,2,0.625,0.6287212815955647
