arm,count,mean,std,min,max
baseline,5,0.6207200693281363,0.07226060953639016,0.5392168029595016,0.676899801630134
single_mut,5,0.6230943865424701,0.06416848859260524,0.5305871848392123,0.6768284231067313
mut1_0p01,5,0.6132066050754116,0.07363981509611413,0.5247541643728493,0.6831117402057048
mut1_top50,5,0.6159060058021427,0.07511534039964508,0.5338019335609873,0.6834311900477319
