arm,n_protein_folds,mean,std,min,max
baseline,500,0.6432970451549928,0.1774344915859321,0.1,1.0
mut1_0p01,500,0.6673243872353761,0.19096136633904362,0.1,1.0
mut1_top50,500,0.6708887160801624,0.19159574364950582,0.1,1.0
single_mut,500,0.6661466973655551,0.1868956157669097,0.1,1.0
