arm,n_proteins,mean,std,min,max
baseline,100,0.6432970451549928,0.090477471336842,0.39333333333333337,0.8533333333333333
mut1_0p01,100,0.6673243872353761,0.09558260152700976,0.4066666666666666,0.9413256606990622
mut1_top50,100,0.6708887160801624,0.0947123503292639,0.4211111111111111,0.8899043062200956
single_mut,100,0.6661466973655551,0.0945627088636774,0.41000000000000003,0.8891703964194374
