comparison,n_proteins,mean_delta,median_delta,sd_delta,proteins_improved,proteins_worse,proteins_equal,wilcoxon_p_two_sided,paired_t_p_two_sided
single_mut - baseline,100,0.022849652210562364,0.010341417268661779,0.05802209966918025,60,31,9,0.0007213711375999519,0.00015293117095255274
mut1_0p01 - baseline,100,0.024027342080383415,0.011185064935064937,0.05602299314233854,61,33,6,0.0003052743341429198,4.180798280282863e-05
mut1_top50 - baseline,100,0.027591670925169724,0.016666666666666663,0.06390363430443237,61,34,5,0.0001042508054408468,3.7463763096900946e-05
mut1_0p01 - single_mut,100,0.0011776898698210485,0.0,0.02487651772337887,37,30,33,0.3308948356382908,0.6369599005840805
mut1_top50 - single_mut,100,0.004742018714607364,0.0022083333333332567,0.041369663990920305,53,39,8,0.1584948328143475,0.2544526547888402
mut1_top50 - mut1_0p01,100,0.003564328844786316,0.0,0.043303694819004514,49,45,6,0.7951478784843515,0.41242921051180603
