arm,count,mean,std,min,max
baseline,5,0.6392655179054427,0.03603710009643742,0.5955755073273388,0.671864022212689
mut1_0p01_full,5,0.634089560108212,0.04124604257565841,0.5876262448384993,0.67840195862004
mut1_top50_full,5,0.6268287304264196,0.044012285685672135,0.5741454141614867,0.6684026435666506
single_mut,5,0.6411956134713519,0.03607742098875183,0.5987510950167784,0.669146586258043
