comparison,n_folds,mean_delta,median_delta,sd_delta,folds_improved,folds_worse,exact_sign_flip_p_greater,exact_sign_flip_p_two_sided,paired_t_p_greater,paired_t_p_two_sided,wilcoxon_p_greater,wilcoxon_p_two_sided,deltas,exact_sign_flip_q_bh_greater,exact_sign_flip_q_bh_two_sided,wilcoxon_q_bh_greater,wilcoxon_q_bh_two_sided
single_mut - baseline,5,0.0019300955659092179,0.001613791279028054,0.006648751001142274,3,2,0.25,0.5,0.27582488465807387,0.5516497693161477,0.3125,0.625,0.009194;0.007841;0.001614;-0.002717;-0.006281,0.96875,0.5,0.96875,0.625
mut1_0p01_full - baseline,5,-0.005175957797230591,-0.007949262488839426,0.01299183313180401,2,3,0.78125,0.5,0.7883244084788026,0.42335118304239494,0.78125,0.625,-0.007949;0.001861;0.013003;-0.020618;-0.012176,0.96875,0.5,0.96875,0.625
mut1_top50_full - baseline,5,-0.012436787479023081,-0.009532309896582936,0.017807718052045667,1,4,0.90625,0.25,0.903301649086218,0.19339670182756402,0.90625,0.3125,-0.009532;0.009946;-0.001797;-0.029914;-0.030887,0.96875,0.375,0.96875,0.46875
mut1_0p01_full - single_mut,5,-0.007106053363139808,-0.005979662717358281,0.011854013856761651,1,4,0.90625,0.25,0.8744146378421133,0.2511707243157734,0.90625,0.3125,-0.017143;-0.005980;0.011389;-0.017901;-0.005895,0.96875,0.375,0.96875,0.46875
mut1_top50_full - single_mut,5,-0.0143668830449323,-0.018726271123731264,0.013036292861201698,1,4,0.96875,0.125,0.9653149200938849,0.06937015981223041,0.96875,0.125,-0.018726;0.002105;-0.003411;-0.027196;-0.024606,0.96875,0.375,0.96875,0.46875
mut1_top50_full - mut1_0p01_full,5,-0.007260829681792491,-0.009295479360062031,0.010721223237353923,1,4,0.9375,0.1875,0.8977484933749984,0.2045030132500033,0.9375,0.1875,-0.001583;0.008084;-0.014800;-0.009295;-0.018710,0.96875,0.375,0.96875,0.46875
